<?xml version="1.0" encoding="UTF-8"?>
<!-- IMPORTANT: This is an internal file that has been generated
     by the Xilinx ISE software.  Any direct editing or
     changes made to this file may result in unpredictable
     behavior or data corruption.  It is strongly advised that
     users do not edit the contents of this file. -->
<DeviceUsageSummary rev="18">
<DesignStatistics TimeStamp="Mon May 06 21:08:38 2019"><group name="NetStatistics">
<item name="NumNets_Active" rev="18">
<attrib name="value" value="1419"/></item>
<item name="NumNets_Gnd" rev="18">
<attrib name="value" value="1"/></item>
<item name="NumNets_Vcc" rev="18">
<attrib name="value" value="1"/></item>
<item name="NumNodesOfType_Active_BENTQUAD" rev="18">
<attrib name="value" value="655"/></item>
<item name="NumNodesOfType_Active_BOUNCEACROSS" rev="18">
<attrib name="value" value="208"/></item>
<item name="NumNodesOfType_Active_BOUNCEIN" rev="18">
<attrib name="value" value="297"/></item>
<item name="NumNodesOfType_Active_BUFGROUT" rev="18">
<attrib name="value" value="1"/></item>
<item name="NumNodesOfType_Active_BUFINP2OUT" rev="18">
<attrib name="value" value="4"/></item>
<item name="NumNodesOfType_Active_CLKPIN" rev="18">
<attrib name="value" value="230"/></item>
<item name="NumNodesOfType_Active_DOUBLE" rev="18">
<attrib name="value" value="2715"/></item>
<item name="NumNodesOfType_Active_GENERIC" rev="18">
<attrib name="value" value="12"/></item>
<item name="NumNodesOfType_Active_GLOBAL" rev="18">
<attrib name="value" value="196"/></item>
<item name="NumNodesOfType_Active_HLONG" rev="18">
<attrib name="value" value="31"/></item>
<item name="NumNodesOfType_Active_HQUAD" rev="18">
<attrib name="value" value="432"/></item>
<item name="NumNodesOfType_Active_INPUT" rev="18">
<attrib name="value" value="1301"/></item>
<item name="NumNodesOfType_Active_IOBIN2OUT" rev="18">
<attrib name="value" value="28"/></item>
<item name="NumNodesOfType_Active_IOBOUTPUT" rev="18">
<attrib name="value" value="28"/></item>
<item name="NumNodesOfType_Active_LUTINPUT" rev="18">
<attrib name="value" value="5737"/></item>
<item name="NumNodesOfType_Active_OUTBOUND" rev="18">
<attrib name="value" value="1512"/></item>
<item name="NumNodesOfType_Active_OUTPUT" rev="18">
<attrib name="value" value="1422"/></item>
<item name="NumNodesOfType_Active_PADINPUT" rev="18">
<attrib name="value" value="17"/></item>
<item name="NumNodesOfType_Active_PADOUTPUT" rev="18">
<attrib name="value" value="11"/></item>
<item name="NumNodesOfType_Active_PINBOUNCE" rev="18">
<attrib name="value" value="814"/></item>
<item name="NumNodesOfType_Active_PINFEED" rev="18">
<attrib name="value" value="7788"/></item>
<item name="NumNodesOfType_Active_SINGLE" rev="18">
<attrib name="value" value="3387"/></item>
<item name="NumNodesOfType_Active_VLONG" rev="18">
<attrib name="value" value="15"/></item>
<item name="NumNodesOfType_Active_VLONG12" rev="18">
<attrib name="value" value="15"/></item>
<item name="NumNodesOfType_Active_VQUAD" rev="18">
<attrib name="value" value="531"/></item>
<item name="NumNodesOfType_Gnd_BOUNCEACROSS" rev="18">
<attrib name="value" value="1"/></item>
<item name="NumNodesOfType_Gnd_BOUNCEIN" rev="18">
<attrib name="value" value="204"/></item>
<item name="NumNodesOfType_Gnd_CLKPIN" rev="18">
<attrib name="value" value="34"/></item>
<item name="NumNodesOfType_Gnd_HVCCGNDOUT" rev="18">
<attrib name="value" value="94"/></item>
<item name="NumNodesOfType_Gnd_INPUT" rev="18">
<attrib name="value" value="2354"/></item>
<item name="NumNodesOfType_Gnd_PINBOUNCE" rev="18">
<attrib name="value" value="103"/></item>
<item name="NumNodesOfType_Gnd_PINFEED" rev="18">
<attrib name="value" value="3572"/></item>
<item name="NumNodesOfType_Vcc_BOUNCEIN" rev="18">
<attrib name="value" value="20"/></item>
<item name="NumNodesOfType_Vcc_CLKPIN" rev="18">
<attrib name="value" value="39"/></item>
<item name="NumNodesOfType_Vcc_HVCCGNDOUT" rev="18">
<attrib name="value" value="157"/></item>
<item name="NumNodesOfType_Vcc_INPUT" rev="18">
<attrib name="value" value="68"/></item>
<item name="NumNodesOfType_Vcc_LUTINPUT" rev="18">
<attrib name="value" value="242"/></item>
<item name="NumNodesOfType_Vcc_PINBOUNCE" rev="18">
<attrib name="value" value="22"/></item>
<item name="NumNodesOfType_Vcc_PINFEED" rev="18">
<attrib name="value" value="395"/></item>
</group>
<group name="SiteStatistics">
<item name="BUFG-BUFGCTRL" rev="18">
<attrib name="value" value="1"/></item>
<item name="IOB33-IOB33M" rev="18">
<attrib name="value" value="10"/></item>
<item name="IOB33-IOB33S" rev="18">
<attrib name="value" value="18"/></item>
<item name="RAMB18E1-FIFO18E1" rev="18">
<attrib name="value" value="1"/></item>
<item name="RAMB36E1-RAMBFIFO36E1" rev="18">
<attrib name="value" value="17"/></item>
<item name="SLICEL-SLICEM" rev="18">
<attrib name="value" value="157"/></item>
</group>
<group name="MiscellaneousStatistics">
<item name="AGG_BONDED_IO" rev="17">
<attrib name="value" value="28"/></item>
<item name="AGG_IO" rev="17">
<attrib name="value" value="28"/></item>
<item name="AGG_LOCED_IO" rev="17">
<attrib name="value" value="28"/></item>
<item name="AGG_SLICE" rev="17">
<attrib name="value" value="410"/></item>
<item name="NUM_BONDED_IOB33" rev="17">
<attrib name="value" value="28"/></item>
<item name="NUM_BSFULL" rev="17">
<attrib name="value" value="411"/></item>
<item name="NUM_BSLUTONLY" rev="17">
<attrib name="value" value="718"/></item>
<item name="NUM_BSREGONLY" rev="17">
<attrib name="value" value="46"/></item>
<item name="NUM_BSUSED" rev="17">
<attrib name="value" value="1175"/></item>
<item name="NUM_BUFG" rev="17">
<attrib name="value" value="1"/></item>
<item name="NUM_LOCED_IOB33" rev="17">
<attrib name="value" value="28"/></item>
<item name="NUM_LOGIC_O5ANDO6" rev="17">
<attrib name="value" value="174"/></item>
<item name="NUM_LOGIC_O5ONLY" rev="17">
<attrib name="value" value="64"/></item>
<item name="NUM_LOGIC_O6ONLY" rev="17">
<attrib name="value" value="886"/></item>
<item name="NUM_LUT_RT_DRIVES_CARRY4" rev="17">
<attrib name="value" value="4"/></item>
<item name="NUM_LUT_RT_DRIVES_FLOP" rev="17">
<attrib name="value" value="1"/></item>
<item name="NUM_LUT_RT_EXO5" rev="17">
<attrib name="value" value="1"/></item>
<item name="NUM_LUT_RT_EXO6" rev="17">
<attrib name="value" value="4"/></item>
<item name="NUM_LUT_RT_O5" rev="17">
<attrib name="value" value="4"/></item>
<item name="NUM_LUT_RT_O6" rev="17">
<attrib name="value" value="64"/></item>
<item name="NUM_RAMB18E1" rev="17">
<attrib name="value" value="2"/></item>
<item name="NUM_RAMB36E1" rev="17">
<attrib name="value" value="17"/></item>
<item name="NUM_SLICEL" rev="17">
<attrib name="value" value="410"/></item>
<item name="NUM_SLICE_CARRY4" rev="17">
<attrib name="value" value="42"/></item>
<item name="NUM_SLICE_CONTROLSET" rev="17">
<attrib name="value" value="25"/></item>
<item name="NUM_SLICE_CYINIT" rev="17">
<attrib name="value" value="1383"/></item>
<item name="NUM_SLICE_F7MUX" rev="17">
<attrib name="value" value="109"/></item>
<item name="NUM_SLICE_F8MUX" rev="17">
<attrib name="value" value="32"/></item>
<item name="NUM_SLICE_FF" rev="17">
<attrib name="value" value="486"/></item>
<item name="NUM_SLICE_LATCHLOGIC" rev="17">
<attrib name="value" value="1"/></item>
<item name="NUM_SLICE_UNUSEDCTRL" rev="17">
<attrib name="value" value="252"/></item>
<item name="NUM_UNUSABLE_FF_BELS" rev="17">
<attrib name="value" value="106"/></item>
<item name="Xilinx Core blk_mem_gen_v7_3, Xilinx CORE Generator 14.7" rev="17">
<attrib name="value" value="4"/></item>
</group>
</DesignStatistics>
<DeviceUsage TimeStamp="Mon May 06 21:08:38 2019"><group name="SiteSummary">
<item name="BUFG" rev="18">
<attrib name="total" value="1000000"/><attrib name="used" value="1"/></item>
<item name="BUFG_BUFG" rev="18">
<attrib name="total" value="1000000"/><attrib name="used" value="1"/></item>
<item name="CARRY4" rev="18">
<attrib name="total" value="1000000"/><attrib name="used" value="42"/></item>
<item name="FF_INIT" rev="18">
<attrib name="total" value="1000000"/><attrib name="used" value="36"/></item>
<item name="HARD0" rev="18">
<attrib name="total" value="1000000"/><attrib name="used" value="6"/></item>
<item name="HARD1" rev="18">
<attrib name="total" value="1000000"/><attrib name="used" value="6"/></item>
<item name="IOB33" rev="18">
<attrib name="total" value="1000000"/><attrib name="used" value="28"/></item>
<item name="IOB33_INBUF_EN" rev="18">
<attrib name="total" value="1000000"/><attrib name="used" value="11"/></item>
<item name="IOB33_OUTBUF" rev="18">
<attrib name="total" value="1000000"/><attrib name="used" value="17"/></item>
<item name="LUT5" rev="18">
<attrib name="total" value="1000000"/><attrib name="used" value="243"/></item>
<item name="LUT6" rev="18">
<attrib name="total" value="1000000"/><attrib name="used" value="1128"/></item>
<item name="PAD" rev="18">
<attrib name="total" value="1000000"/><attrib name="used" value="28"/></item>
<item name="RAMB18E1" rev="18">
<attrib name="total" value="1000000"/><attrib name="used" value="2"/></item>
<item name="RAMB18E1_RAMB18E1" rev="18">
<attrib name="total" value="1000000"/><attrib name="used" value="2"/></item>
<item name="RAMB36E1" rev="18">
<attrib name="total" value="1000000"/><attrib name="used" value="17"/></item>
<item name="RAMB36E1_RAMB36E1" rev="18">
<attrib name="total" value="1000000"/><attrib name="used" value="17"/></item>
<item name="REG_INIT" rev="18">
<attrib name="total" value="1000000"/><attrib name="used" value="451"/></item>
<item name="SELMUX2_1" rev="18">
<attrib name="total" value="1000000"/><attrib name="used" value="141"/></item>
<item name="SLICEL" rev="18">
<attrib name="total" value="1000000"/><attrib name="used" value="410"/></item>
</group>
</DeviceUsage>
<ReportConfigData TimeStamp="Mon May 06 21:08:38 2019"><group name="REG_INIT">
<item name="CK" rev="18">
<attrib name="CK" value="450"/><attrib name="CK_INV" value="1"/></item>
<item name="FFINIT" rev="18">
<attrib name="INIT0" value="441"/><attrib name="INIT1" value="10"/></item>
<item name="FFSR" rev="18">
<attrib name="SRLOW" value="441"/><attrib name="SRHIGH" value="10"/></item>
<item name="LATCH_OR_FF" rev="18">
<attrib name="FF" value="450"/><attrib name="AND2L" value="1"/></item>
<item name="SYNC_ATTR" rev="18">
<attrib name="ASYNC" value="451"/></item>
</group>
<group name="SLICEL">
<item name="CLK" rev="18">
<attrib name="CLK" value="157"/><attrib name="CLK_INV" value="1"/></item>
</group>
<group name="RAMB18E1_RAMB18E1">
<item name="CLKARDCLK" rev="18">
<attrib name="CLKARDCLK" value="2"/><attrib name="CLKARDCLK_INV" value="0"/></item>
<item name="CLKBWRCLK" rev="18">
<attrib name="CLKBWRCLK" value="2"/><attrib name="CLKBWRCLK_INV" value="0"/></item>
<item name="DOA_REG" rev="18">
<attrib name="0" value="2"/></item>
<item name="DOB_REG" rev="18">
<attrib name="0" value="2"/></item>
<item name="ENARDEN" rev="18">
<attrib name="ENARDEN_INV" value="0"/><attrib name="ENARDEN" value="2"/></item>
<item name="ENBWREN" rev="18">
<attrib name="ENBWREN_INV" value="0"/><attrib name="ENBWREN" value="2"/></item>
<item name="EN_PWRGATE" rev="18">
<attrib name="NONE" value="2"/></item>
<item name="RAM_MODE" rev="18">
<attrib name="TDP" value="2"/></item>
<item name="RDADDR_COLLISION_HWCONFIG" rev="18">
<attrib name="DELAYED_WRITE" value="2"/></item>
<item name="READ_WIDTH_A" rev="18">
<attrib name="18" value="2"/></item>
<item name="READ_WIDTH_B" rev="18">
<attrib name="18" value="2"/></item>
<item name="REGCLKARDRCLK" rev="18">
<attrib name="REGCLKARDRCLK_INV" value="2"/><attrib name="REGCLKARDRCLK" value="0"/></item>
<item name="REGCLKB" rev="18">
<attrib name="REGCLKB_INV" value="2"/><attrib name="REGCLKB" value="0"/></item>
<item name="RSTRAMARSTRAM" rev="18">
<attrib name="RSTRAMARSTRAM" value="2"/><attrib name="RSTRAMARSTRAM_INV" value="0"/></item>
<item name="RSTRAMB" rev="18">
<attrib name="RSTRAMB" value="2"/><attrib name="RSTRAMB_INV" value="0"/></item>
<item name="RSTREGARSTREG" rev="18">
<attrib name="RSTREGARSTREG_INV" value="0"/><attrib name="RSTREGARSTREG" value="2"/></item>
<item name="RSTREGB" rev="18">
<attrib name="RSTREGB_INV" value="0"/><attrib name="RSTREGB" value="2"/></item>
<item name="RSTREG_PRIORITY_A" rev="18">
<attrib name="REGCE" value="2"/></item>
<item name="RSTREG_PRIORITY_B" rev="18">
<attrib name="REGCE" value="2"/></item>
<item name="SAVEDATA" rev="18">
<attrib name="FALSE" value="2"/></item>
<item name="WRITE_MODE_A" rev="18">
<attrib name="WRITE_FIRST" value="2"/></item>
<item name="WRITE_MODE_B" rev="18">
<attrib name="WRITE_FIRST" value="2"/></item>
<item name="WRITE_WIDTH_A" rev="18">
<attrib name="18" value="2"/></item>
<item name="WRITE_WIDTH_B" rev="18">
<attrib name="18" value="2"/></item>
</group>
<group name="IOB_INBUF_EN">
<item name="IBUF_LOW_PWR" rev="14">
<attrib name="TRUE" value="11"/></item>
</group>
<group name="IOB33_INBUF_EN">
<item name="IBUF_LOW_PWR" rev="18">
<attrib name="TRUE" value="11"/></item>
</group>
<group name="SELMUX2_1">
<item name="0" rev="18">
<attrib name="0" value="141"/><attrib name="0_INV" value="0"/></item>
</group>
<group name="RAMB18E1">
<item name="CLKARDCLK" rev="18">
<attrib name="CLKARDCLK" value="2"/><attrib name="CLKARDCLK_INV" value="0"/></item>
<item name="CLKBWRCLK" rev="18">
<attrib name="CLKBWRCLK" value="2"/><attrib name="CLKBWRCLK_INV" value="0"/></item>
<item name="ENARDEN" rev="18">
<attrib name="ENARDEN_INV" value="0"/><attrib name="ENARDEN" value="2"/></item>
<item name="ENBWREN" rev="18">
<attrib name="ENBWREN_INV" value="0"/><attrib name="ENBWREN" value="2"/></item>
<item name="REGCLKARDRCLK" rev="18">
<attrib name="REGCLKARDRCLK_INV" value="2"/><attrib name="REGCLKARDRCLK" value="0"/></item>
<item name="REGCLKB" rev="18">
<attrib name="REGCLKB_INV" value="2"/><attrib name="REGCLKB" value="0"/></item>
<item name="RSTRAMARSTRAM" rev="18">
<attrib name="RSTRAMARSTRAM" value="2"/><attrib name="RSTRAMARSTRAM_INV" value="0"/></item>
<item name="RSTRAMB" rev="18">
<attrib name="RSTRAMB" value="2"/><attrib name="RSTRAMB_INV" value="0"/></item>
<item name="RSTREGARSTREG" rev="18">
<attrib name="RSTREGARSTREG_INV" value="0"/><attrib name="RSTREGARSTREG" value="2"/></item>
<item name="RSTREGB" rev="18">
<attrib name="RSTREGB_INV" value="0"/><attrib name="RSTREGB" value="2"/></item>
</group>
<group name="FF_INIT">
<item name="CK" rev="18">
<attrib name="CK" value="36"/><attrib name="CK_INV" value="0"/></item>
<item name="FFINIT" rev="18">
<attrib name="INIT0" value="32"/><attrib name="INIT1" value="4"/></item>
<item name="FFSR" rev="18">
<attrib name="SRLOW" value="32"/><attrib name="SRHIGH" value="4"/></item>
<item name="SYNC_ATTR" rev="18">
<attrib name="ASYNC" value="36"/></item>
</group>
<group name="RAMB36E1">
<item name="CLKARDCLKL" rev="18">
<attrib name="CLKARDCLKL" value="17"/><attrib name="CLKARDCLKL_INV" value="0"/></item>
<item name="CLKARDCLKU" rev="18">
<attrib name="CLKARDCLKU_INV" value="0"/><attrib name="CLKARDCLKU" value="17"/></item>
<item name="CLKBWRCLKL" rev="18">
<attrib name="CLKBWRCLKL_INV" value="0"/><attrib name="CLKBWRCLKL" value="17"/></item>
<item name="CLKBWRCLKU" rev="18">
<attrib name="CLKBWRCLKU" value="17"/><attrib name="CLKBWRCLKU_INV" value="0"/></item>
<item name="ENARDENL" rev="18">
<attrib name="ENARDENL_INV" value="0"/><attrib name="ENARDENL" value="17"/></item>
<item name="ENARDENU" rev="18">
<attrib name="ENARDENU_INV" value="0"/><attrib name="ENARDENU" value="17"/></item>
<item name="ENBWRENL" rev="18">
<attrib name="ENBWRENL" value="17"/><attrib name="ENBWRENL_INV" value="0"/></item>
<item name="ENBWRENU" rev="18">
<attrib name="ENBWRENU_INV" value="0"/><attrib name="ENBWRENU" value="17"/></item>
<item name="REGCLKARDRCLKL" rev="18">
<attrib name="REGCLKARDRCLKL_INV" value="17"/><attrib name="REGCLKARDRCLKL" value="0"/></item>
<item name="REGCLKARDRCLKU" rev="18">
<attrib name="REGCLKARDRCLKU" value="0"/><attrib name="REGCLKARDRCLKU_INV" value="17"/></item>
<item name="REGCLKBL" rev="18">
<attrib name="REGCLKBL_INV" value="0"/><attrib name="REGCLKBL" value="17"/></item>
<item name="REGCLKBU" rev="18">
<attrib name="REGCLKBU" value="17"/><attrib name="REGCLKBU_INV" value="0"/></item>
<item name="RSTRAMARSTRAML" rev="18">
<attrib name="RSTRAMARSTRAML_INV" value="0"/><attrib name="RSTRAMARSTRAML" value="17"/></item>
<item name="RSTRAMARSTRAMU" rev="18">
<attrib name="RSTRAMARSTRAMU" value="17"/><attrib name="RSTRAMARSTRAMU_INV" value="0"/></item>
<item name="RSTRAMBL" rev="18">
<attrib name="RSTRAMBL_INV" value="0"/><attrib name="RSTRAMBL" value="17"/></item>
<item name="RSTRAMBU" rev="18">
<attrib name="RSTRAMBU" value="17"/><attrib name="RSTRAMBU_INV" value="0"/></item>
<item name="RSTREGARSTREGL" rev="18">
<attrib name="RSTREGARSTREGL" value="17"/><attrib name="RSTREGARSTREGL_INV" value="0"/></item>
<item name="RSTREGARSTREGU" rev="18">
<attrib name="RSTREGARSTREGU_INV" value="0"/><attrib name="RSTREGARSTREGU" value="17"/></item>
<item name="RSTREGBL" rev="18">
<attrib name="RSTREGBL" value="17"/><attrib name="RSTREGBL_INV" value="0"/></item>
<item name="RSTREGBU" rev="18">
<attrib name="RSTREGBU" value="17"/><attrib name="RSTREGBU_INV" value="0"/></item>
</group>
<group name="RAMB36E1_RAMB36E1">
<item name="CLKARDCLKL" rev="18">
<attrib name="CLKARDCLKL" value="17"/><attrib name="CLKARDCLKL_INV" value="0"/></item>
<item name="CLKARDCLKU" rev="18">
<attrib name="CLKARDCLKU_INV" value="0"/><attrib name="CLKARDCLKU" value="17"/></item>
<item name="CLKBWRCLKL" rev="18">
<attrib name="CLKBWRCLKL_INV" value="0"/><attrib name="CLKBWRCLKL" value="17"/></item>
<item name="CLKBWRCLKU" rev="18">
<attrib name="CLKBWRCLKU" value="17"/><attrib name="CLKBWRCLKU_INV" value="0"/></item>
<item name="DOA_REG" rev="18">
<attrib name="0" value="17"/></item>
<item name="DOB_REG" rev="18">
<attrib name="0" value="17"/></item>
<item name="ENARDENL" rev="18">
<attrib name="ENARDENL_INV" value="0"/><attrib name="ENARDENL" value="17"/></item>
<item name="ENARDENU" rev="18">
<attrib name="ENARDENU_INV" value="0"/><attrib name="ENARDENU" value="17"/></item>
<item name="ENBWRENL" rev="18">
<attrib name="ENBWRENL" value="17"/><attrib name="ENBWRENL_INV" value="0"/></item>
<item name="ENBWRENU" rev="18">
<attrib name="ENBWRENU_INV" value="0"/><attrib name="ENBWRENU" value="17"/></item>
<item name="EN_ECC_READ" rev="18">
<attrib name="FALSE" value="17"/></item>
<item name="EN_ECC_WRITE" rev="18">
<attrib name="FALSE" value="17"/></item>
<item name="EN_PWRGATE" rev="18">
<attrib name="NONE" value="17"/></item>
<item name="RAM_EXTENSION_A" rev="18">
<attrib name="NONE" value="17"/></item>
<item name="RAM_EXTENSION_B" rev="18">
<attrib name="NONE" value="17"/></item>
<item name="RAM_MODE" rev="18">
<attrib name="TDP" value="17"/></item>
<item name="RDADDR_COLLISION_HWCONFIG" rev="18">
<attrib name="DELAYED_WRITE" value="17"/></item>
<item name="READ_WIDTH_A" rev="18">
<attrib name="1" value="7"/><attrib name="9" value="10"/></item>
<item name="READ_WIDTH_B" rev="18">
<attrib name="1" value="7"/><attrib name="9" value="10"/></item>
<item name="REGCLKARDRCLKL" rev="18">
<attrib name="REGCLKARDRCLKL_INV" value="17"/><attrib name="REGCLKARDRCLKL" value="0"/></item>
<item name="REGCLKARDRCLKU" rev="18">
<attrib name="REGCLKARDRCLKU" value="0"/><attrib name="REGCLKARDRCLKU_INV" value="17"/></item>
<item name="REGCLKBL" rev="18">
<attrib name="REGCLKBL_INV" value="0"/><attrib name="REGCLKBL" value="17"/></item>
<item name="REGCLKBU" rev="18">
<attrib name="REGCLKBU" value="17"/><attrib name="REGCLKBU_INV" value="0"/></item>
<item name="RSTRAMARSTRAML" rev="18">
<attrib name="RSTRAMARSTRAML_INV" value="0"/><attrib name="RSTRAMARSTRAML" value="17"/></item>
<item name="RSTRAMARSTRAMU" rev="18">
<attrib name="RSTRAMARSTRAMU" value="17"/><attrib name="RSTRAMARSTRAMU_INV" value="0"/></item>
<item name="RSTRAMBL" rev="18">
<attrib name="RSTRAMBL_INV" value="0"/><attrib name="RSTRAMBL" value="17"/></item>
<item name="RSTRAMBU" rev="18">
<attrib name="RSTRAMBU" value="17"/><attrib name="RSTRAMBU_INV" value="0"/></item>
<item name="RSTREGARSTREGL" rev="18">
<attrib name="RSTREGARSTREGL" value="17"/><attrib name="RSTREGARSTREGL_INV" value="0"/></item>
<item name="RSTREGARSTREGU" rev="18">
<attrib name="RSTREGARSTREGU_INV" value="0"/><attrib name="RSTREGARSTREGU" value="17"/></item>
<item name="RSTREGBL" rev="18">
<attrib name="RSTREGBL" value="17"/><attrib name="RSTREGBL_INV" value="0"/></item>
<item name="RSTREGBU" rev="18">
<attrib name="RSTREGBU" value="17"/><attrib name="RSTREGBU_INV" value="0"/></item>
<item name="RSTREG_PRIORITY_A" rev="18">
<attrib name="REGCE" value="17"/></item>
<item name="RSTREG_PRIORITY_B" rev="18">
<attrib name="REGCE" value="17"/></item>
<item name="SAVEDATA" rev="18">
<attrib name="FALSE" value="17"/></item>
<item name="WRITE_MODE_A" rev="18">
<attrib name="WRITE_FIRST" value="17"/></item>
<item name="WRITE_MODE_B" rev="18">
<attrib name="WRITE_FIRST" value="17"/></item>
<item name="WRITE_WIDTH_A" rev="18">
<attrib name="1" value="7"/><attrib name="9" value="10"/></item>
<item name="WRITE_WIDTH_B" rev="18">
<attrib name="1" value="7"/><attrib name="9" value="10"/></item>
</group>
</ReportConfigData>
<ReportPinData TimeStamp="Mon May 06 21:08:38 2019"><group name="IOB33_OUTBUF">
<item name="IN" rev="18">
<attrib name="value" value="17"/></item>
<item name="OUT" rev="18">
<attrib name="value" value="17"/></item>
</group>
<group name="REG_INIT">
<item name="CE" rev="18">
<attrib name="value" value="371"/></item>
<item name="CK" rev="18">
<attrib name="value" value="451"/></item>
<item name="D" rev="18">
<attrib name="value" value="451"/></item>
<item name="Q" rev="18">
<attrib name="value" value="451"/></item>
<item name="SR" rev="18">
<attrib name="value" value="448"/></item>
</group>
<group name="SLICEL">
<item name="A" rev="18">
<attrib name="value" value="155"/></item>
<item name="A1" rev="18">
<attrib name="value" value="217"/></item>
<item name="A2" rev="18">
<attrib name="value" value="257"/></item>
<item name="A3" rev="18">
<attrib name="value" value="281"/></item>
<item name="A4" rev="18">
<attrib name="value" value="284"/></item>
<item name="A5" rev="18">
<attrib name="value" value="314"/></item>
<item name="A6" rev="18">
<attrib name="value" value="317"/></item>
<item name="AMUX" rev="18">
<attrib name="value" value="76"/></item>
<item name="AQ" rev="18">
<attrib name="value" value="124"/></item>
<item name="AX" rev="18">
<attrib name="value" value="68"/></item>
<item name="B" rev="18">
<attrib name="value" value="118"/></item>
<item name="B1" rev="18">
<attrib name="value" value="181"/></item>
<item name="B2" rev="18">
<attrib name="value" value="228"/></item>
<item name="B3" rev="18">
<attrib name="value" value="249"/></item>
<item name="B4" rev="18">
<attrib name="value" value="249"/></item>
<item name="B5" rev="18">
<attrib name="value" value="280"/></item>
<item name="B6" rev="18">
<attrib name="value" value="281"/></item>
<item name="BMUX" rev="18">
<attrib name="value" value="115"/></item>
<item name="BQ" rev="18">
<attrib name="value" value="118"/></item>
<item name="BX" rev="18">
<attrib name="value" value="59"/></item>
<item name="C" rev="18">
<attrib name="value" value="68"/></item>
<item name="C1" rev="18">
<attrib name="value" value="202"/></item>
<item name="C2" rev="18">
<attrib name="value" value="224"/></item>
<item name="C3" rev="18">
<attrib name="value" value="235"/></item>
<item name="C4" rev="18">
<attrib name="value" value="237"/></item>
<item name="C5" rev="18">
<attrib name="value" value="260"/></item>
<item name="C6" rev="18">
<attrib name="value" value="262"/></item>
<item name="CE" rev="18">
<attrib name="value" value="112"/></item>
<item name="CIN" rev="18">
<attrib name="value" value="32"/></item>
<item name="CLK" rev="18">
<attrib name="value" value="158"/></item>
<item name="CMUX" rev="18">
<attrib name="value" value="107"/></item>
<item name="COUT" rev="18">
<attrib name="value" value="32"/></item>
<item name="CQ" rev="18">
<attrib name="value" value="100"/></item>
<item name="CX" rev="18">
<attrib name="value" value="105"/></item>
<item name="D" rev="18">
<attrib name="value" value="72"/></item>
<item name="D1" rev="18">
<attrib name="value" value="182"/></item>
<item name="D2" rev="18">
<attrib name="value" value="228"/></item>
<item name="D3" rev="18">
<attrib name="value" value="240"/></item>
<item name="D4" rev="18">
<attrib name="value" value="241"/></item>
<item name="D5" rev="18">
<attrib name="value" value="264"/></item>
<item name="D6" rev="18">
<attrib name="value" value="266"/></item>
<item name="DMUX" rev="18">
<attrib name="value" value="58"/></item>
<item name="DQ" rev="18">
<attrib name="value" value="109"/></item>
<item name="DX" rev="18">
<attrib name="value" value="24"/></item>
<item name="SR" rev="18">
<attrib name="value" value="155"/></item>
</group>
<group name="RAMB18E1_RAMB18E1">
<item name="ADDRARDADDR0" rev="18">
<attrib name="value" value="2"/></item>
<item name="ADDRARDADDR1" rev="18">
<attrib name="value" value="2"/></item>
<item name="ADDRARDADDR10" rev="18">
<attrib name="value" value="2"/></item>
<item name="ADDRARDADDR11" rev="18">
<attrib name="value" value="2"/></item>
<item name="ADDRARDADDR12" rev="18">
<attrib name="value" value="2"/></item>
<item name="ADDRARDADDR13" rev="18">
<attrib name="value" value="2"/></item>
<item name="ADDRARDADDR2" rev="18">
<attrib name="value" value="2"/></item>
<item name="ADDRARDADDR3" rev="18">
<attrib name="value" value="2"/></item>
<item name="ADDRARDADDR4" rev="18">
<attrib name="value" value="2"/></item>
<item name="ADDRARDADDR5" rev="18">
<attrib name="value" value="2"/></item>
<item name="ADDRARDADDR6" rev="18">
<attrib name="value" value="2"/></item>
<item name="ADDRARDADDR7" rev="18">
<attrib name="value" value="2"/></item>
<item name="ADDRARDADDR8" rev="18">
<attrib name="value" value="2"/></item>
<item name="ADDRARDADDR9" rev="18">
<attrib name="value" value="2"/></item>
<item name="ADDRATIEHIGH0" rev="18">
<attrib name="value" value="2"/></item>
<item name="ADDRATIEHIGH1" rev="18">
<attrib name="value" value="2"/></item>
<item name="ADDRBTIEHIGH0" rev="18">
<attrib name="value" value="2"/></item>
<item name="ADDRBTIEHIGH1" rev="18">
<attrib name="value" value="2"/></item>
<item name="ADDRBWRADDR0" rev="18">
<attrib name="value" value="2"/></item>
<item name="ADDRBWRADDR1" rev="18">
<attrib name="value" value="2"/></item>
<item name="ADDRBWRADDR10" rev="18">
<attrib name="value" value="2"/></item>
<item name="ADDRBWRADDR11" rev="18">
<attrib name="value" value="2"/></item>
<item name="ADDRBWRADDR12" rev="18">
<attrib name="value" value="2"/></item>
<item name="ADDRBWRADDR13" rev="18">
<attrib name="value" value="2"/></item>
<item name="ADDRBWRADDR2" rev="18">
<attrib name="value" value="2"/></item>
<item name="ADDRBWRADDR3" rev="18">
<attrib name="value" value="2"/></item>
<item name="ADDRBWRADDR4" rev="18">
<attrib name="value" value="2"/></item>
<item name="ADDRBWRADDR5" rev="18">
<attrib name="value" value="2"/></item>
<item name="ADDRBWRADDR6" rev="18">
<attrib name="value" value="2"/></item>
<item name="ADDRBWRADDR7" rev="18">
<attrib name="value" value="2"/></item>
<item name="ADDRBWRADDR8" rev="18">
<attrib name="value" value="2"/></item>
<item name="ADDRBWRADDR9" rev="18">
<attrib name="value" value="2"/></item>
<item name="CLKARDCLK" rev="18">
<attrib name="value" value="2"/></item>
<item name="CLKBWRCLK" rev="18">
<attrib name="value" value="2"/></item>
<item name="DIADI0" rev="18">
<attrib name="value" value="2"/></item>
<item name="DIADI1" rev="18">
<attrib name="value" value="2"/></item>
<item name="DIADI10" rev="18">
<attrib name="value" value="2"/></item>
<item name="DIADI11" rev="18">
<attrib name="value" value="2"/></item>
<item name="DIADI12" rev="18">
<attrib name="value" value="2"/></item>
<item name="DIADI13" rev="18">
<attrib name="value" value="2"/></item>
<item name="DIADI14" rev="18">
<attrib name="value" value="2"/></item>
<item name="DIADI15" rev="18">
<attrib name="value" value="2"/></item>
<item name="DIADI2" rev="18">
<attrib name="value" value="2"/></item>
<item name="DIADI3" rev="18">
<attrib name="value" value="2"/></item>
<item name="DIADI4" rev="18">
<attrib name="value" value="2"/></item>
<item name="DIADI5" rev="18">
<attrib name="value" value="2"/></item>
<item name="DIADI6" rev="18">
<attrib name="value" value="2"/></item>
<item name="DIADI7" rev="18">
<attrib name="value" value="2"/></item>
<item name="DIADI8" rev="18">
<attrib name="value" value="2"/></item>
<item name="DIADI9" rev="18">
<attrib name="value" value="2"/></item>
<item name="DIBDI0" rev="18">
<attrib name="value" value="2"/></item>
<item name="DIBDI1" rev="18">
<attrib name="value" value="2"/></item>
<item name="DIBDI10" rev="18">
<attrib name="value" value="2"/></item>
<item name="DIBDI11" rev="18">
<attrib name="value" value="2"/></item>
<item name="DIBDI12" rev="18">
<attrib name="value" value="2"/></item>
<item name="DIBDI13" rev="18">
<attrib name="value" value="2"/></item>
<item name="DIBDI14" rev="18">
<attrib name="value" value="2"/></item>
<item name="DIBDI15" rev="18">
<attrib name="value" value="2"/></item>
<item name="DIBDI2" rev="18">
<attrib name="value" value="2"/></item>
<item name="DIBDI3" rev="18">
<attrib name="value" value="2"/></item>
<item name="DIBDI4" rev="18">
<attrib name="value" value="2"/></item>
<item name="DIBDI5" rev="18">
<attrib name="value" value="2"/></item>
<item name="DIBDI6" rev="18">
<attrib name="value" value="2"/></item>
<item name="DIBDI7" rev="18">
<attrib name="value" value="2"/></item>
<item name="DIBDI8" rev="18">
<attrib name="value" value="2"/></item>
<item name="DIBDI9" rev="18">
<attrib name="value" value="2"/></item>
<item name="DIPADIP0" rev="18">
<attrib name="value" value="2"/></item>
<item name="DIPADIP1" rev="18">
<attrib name="value" value="2"/></item>
<item name="DIPBDIP0" rev="18">
<attrib name="value" value="2"/></item>
<item name="DIPBDIP1" rev="18">
<attrib name="value" value="2"/></item>
<item name="DOADO0" rev="18">
<attrib name="value" value="2"/></item>
<item name="DOADO1" rev="18">
<attrib name="value" value="2"/></item>
<item name="DOADO10" rev="18">
<attrib name="value" value="2"/></item>
<item name="DOADO11" rev="18">
<attrib name="value" value="2"/></item>
<item name="DOADO2" rev="18">
<attrib name="value" value="2"/></item>
<item name="DOADO3" rev="18">
<attrib name="value" value="2"/></item>
<item name="DOADO8" rev="18">
<attrib name="value" value="2"/></item>
<item name="DOADO9" rev="18">
<attrib name="value" value="2"/></item>
<item name="DOBDO0" rev="18">
<attrib name="value" value="2"/></item>
<item name="DOBDO1" rev="18">
<attrib name="value" value="2"/></item>
<item name="DOBDO10" rev="18">
<attrib name="value" value="2"/></item>
<item name="DOBDO11" rev="18">
<attrib name="value" value="2"/></item>
<item name="DOBDO2" rev="18">
<attrib name="value" value="2"/></item>
<item name="DOBDO3" rev="18">
<attrib name="value" value="2"/></item>
<item name="DOBDO8" rev="18">
<attrib name="value" value="2"/></item>
<item name="DOBDO9" rev="18">
<attrib name="value" value="2"/></item>
<item name="ENARDEN" rev="18">
<attrib name="value" value="2"/></item>
<item name="ENBWREN" rev="18">
<attrib name="value" value="2"/></item>
<item name="REGCEAREGCE" rev="18">
<attrib name="value" value="2"/></item>
<item name="REGCEB" rev="18">
<attrib name="value" value="2"/></item>
<item name="REGCLKARDRCLK" rev="18">
<attrib name="value" value="2"/></item>
<item name="REGCLKB" rev="18">
<attrib name="value" value="2"/></item>
<item name="RSTRAMARSTRAM" rev="18">
<attrib name="value" value="2"/></item>
<item name="RSTRAMB" rev="18">
<attrib name="value" value="2"/></item>
<item name="RSTREGARSTREG" rev="18">
<attrib name="value" value="2"/></item>
<item name="RSTREGB" rev="18">
<attrib name="value" value="2"/></item>
<item name="WEA0" rev="18">
<attrib name="value" value="2"/></item>
<item name="WEA1" rev="18">
<attrib name="value" value="2"/></item>
<item name="WEA2" rev="18">
<attrib name="value" value="2"/></item>
<item name="WEA3" rev="18">
<attrib name="value" value="2"/></item>
<item name="WEBWE0" rev="18">
<attrib name="value" value="2"/></item>
<item name="WEBWE1" rev="18">
<attrib name="value" value="2"/></item>
<item name="WEBWE2" rev="18">
<attrib name="value" value="2"/></item>
<item name="WEBWE3" rev="18">
<attrib name="value" value="2"/></item>
<item name="WEBWE4" rev="18">
<attrib name="value" value="2"/></item>
<item name="WEBWE5" rev="18">
<attrib name="value" value="2"/></item>
<item name="WEBWE6" rev="18">
<attrib name="value" value="2"/></item>
<item name="WEBWE7" rev="18">
<attrib name="value" value="2"/></item>
</group>
<group name="IOB_OUTBUF">
<item name="IN" rev="14">
<attrib name="value" value="17"/></item>
<item name="OUT" rev="14">
<attrib name="value" value="17"/></item>
</group>
<group name="BUFG_BUFG">
<item name="I0" rev="18">
<attrib name="value" value="1"/></item>
<item name="O" rev="18">
<attrib name="value" value="1"/></item>
</group>
<group name="IOB_INBUF_EN">
<item name="INTERMDISABLE" rev="14">
<attrib name="value" value="11"/></item>
<item name="OUT" rev="14">
<attrib name="value" value="11"/></item>
<item name="PAD" rev="14">
<attrib name="value" value="11"/></item>
</group>
<group name="PAD">
<item name="PAD" rev="18">
<attrib name="value" value="28"/></item>
</group>
<group name="IOB33_INBUF_EN">
<item name="OUT" rev="18">
<attrib name="value" value="11"/></item>
<item name="PAD" rev="18">
<attrib name="value" value="11"/></item>
</group>
<group name="CARRY4">
<item name="CIN" rev="18">
<attrib name="value" value="32"/></item>
<item name="CO1" rev="18">
<attrib name="value" value="1"/></item>
<item name="CO2" rev="18">
<attrib name="value" value="2"/></item>
<item name="CO3" rev="18">
<attrib name="value" value="32"/></item>
<item name="CYINIT" rev="18">
<attrib name="value" value="10"/></item>
<item name="DI0" rev="18">
<attrib name="value" value="39"/></item>
<item name="DI1" rev="18">
<attrib name="value" value="39"/></item>
<item name="DI2" rev="18">
<attrib name="value" value="36"/></item>
<item name="DI3" rev="18">
<attrib name="value" value="32"/></item>
<item name="O0" rev="18">
<attrib name="value" value="37"/></item>
<item name="O1" rev="18">
<attrib name="value" value="34"/></item>
<item name="O2" rev="18">
<attrib name="value" value="34"/></item>
<item name="O3" rev="18">
<attrib name="value" value="32"/></item>
<item name="S0" rev="18">
<attrib name="value" value="42"/></item>
<item name="S1" rev="18">
<attrib name="value" value="39"/></item>
<item name="S2" rev="18">
<attrib name="value" value="38"/></item>
<item name="S3" rev="18">
<attrib name="value" value="34"/></item>
</group>
<group name="LUT5">
<item name="A1" rev="18">
<attrib name="value" value="58"/></item>
<item name="A2" rev="18">
<attrib name="value" value="97"/></item>
<item name="A3" rev="18">
<attrib name="value" value="134"/></item>
<item name="A4" rev="18">
<attrib name="value" value="112"/></item>
<item name="A5" rev="18">
<attrib name="value" value="96"/></item>
<item name="O5" rev="18">
<attrib name="value" value="243"/></item>
</group>
<group name="LUT6">
<item name="A1" rev="18">
<attrib name="value" value="739"/></item>
<item name="A2" rev="18">
<attrib name="value" value="882"/></item>
<item name="A3" rev="18">
<attrib name="value" value="983"/></item>
<item name="A4" rev="18">
<attrib name="value" value="1010"/></item>
<item name="A5" rev="18">
<attrib name="value" value="1118"/></item>
<item name="A6" rev="18">
<attrib name="value" value="1126"/></item>
<item name="O6" rev="18">
<attrib name="value" value="1128"/></item>
</group>
<group name="IOB33">
<item name="I" rev="18">
<attrib name="value" value="11"/></item>
<item name="O" rev="18">
<attrib name="value" value="17"/></item>
<item name="PAD" rev="18">
<attrib name="value" value="28"/></item>
</group>
<group name="SELMUX2_1">
<item name="0" rev="18">
<attrib name="value" value="141"/></item>
<item name="1" rev="18">
<attrib name="value" value="141"/></item>
<item name="OUT" rev="18">
<attrib name="value" value="141"/></item>
<item name="S0" rev="18">
<attrib name="value" value="141"/></item>
</group>
<group name="RAMB18E1">
<item name="ADDRARDADDR0" rev="18">
<attrib name="value" value="2"/></item>
<item name="ADDRARDADDR1" rev="18">
<attrib name="value" value="2"/></item>
<item name="ADDRARDADDR10" rev="18">
<attrib name="value" value="2"/></item>
<item name="ADDRARDADDR11" rev="18">
<attrib name="value" value="2"/></item>
<item name="ADDRARDADDR12" rev="18">
<attrib name="value" value="2"/></item>
<item name="ADDRARDADDR13" rev="18">
<attrib name="value" value="2"/></item>
<item name="ADDRARDADDR2" rev="18">
<attrib name="value" value="2"/></item>
<item name="ADDRARDADDR3" rev="18">
<attrib name="value" value="2"/></item>
<item name="ADDRARDADDR4" rev="18">
<attrib name="value" value="2"/></item>
<item name="ADDRARDADDR5" rev="18">
<attrib name="value" value="2"/></item>
<item name="ADDRARDADDR6" rev="18">
<attrib name="value" value="2"/></item>
<item name="ADDRARDADDR7" rev="18">
<attrib name="value" value="2"/></item>
<item name="ADDRARDADDR8" rev="18">
<attrib name="value" value="2"/></item>
<item name="ADDRARDADDR9" rev="18">
<attrib name="value" value="2"/></item>
<item name="ADDRATIEHIGH0" rev="18">
<attrib name="value" value="2"/></item>
<item name="ADDRATIEHIGH1" rev="18">
<attrib name="value" value="2"/></item>
<item name="ADDRBTIEHIGH0" rev="18">
<attrib name="value" value="2"/></item>
<item name="ADDRBTIEHIGH1" rev="18">
<attrib name="value" value="2"/></item>
<item name="ADDRBWRADDR0" rev="18">
<attrib name="value" value="2"/></item>
<item name="ADDRBWRADDR1" rev="18">
<attrib name="value" value="2"/></item>
<item name="ADDRBWRADDR10" rev="18">
<attrib name="value" value="2"/></item>
<item name="ADDRBWRADDR11" rev="18">
<attrib name="value" value="2"/></item>
<item name="ADDRBWRADDR12" rev="18">
<attrib name="value" value="2"/></item>
<item name="ADDRBWRADDR13" rev="18">
<attrib name="value" value="2"/></item>
<item name="ADDRBWRADDR2" rev="18">
<attrib name="value" value="2"/></item>
<item name="ADDRBWRADDR3" rev="18">
<attrib name="value" value="2"/></item>
<item name="ADDRBWRADDR4" rev="18">
<attrib name="value" value="2"/></item>
<item name="ADDRBWRADDR5" rev="18">
<attrib name="value" value="2"/></item>
<item name="ADDRBWRADDR6" rev="18">
<attrib name="value" value="2"/></item>
<item name="ADDRBWRADDR7" rev="18">
<attrib name="value" value="2"/></item>
<item name="ADDRBWRADDR8" rev="18">
<attrib name="value" value="2"/></item>
<item name="ADDRBWRADDR9" rev="18">
<attrib name="value" value="2"/></item>
<item name="CLKARDCLK" rev="18">
<attrib name="value" value="2"/></item>
<item name="CLKBWRCLK" rev="18">
<attrib name="value" value="2"/></item>
<item name="DIADI0" rev="18">
<attrib name="value" value="2"/></item>
<item name="DIADI1" rev="18">
<attrib name="value" value="2"/></item>
<item name="DIADI10" rev="18">
<attrib name="value" value="2"/></item>
<item name="DIADI11" rev="18">
<attrib name="value" value="2"/></item>
<item name="DIADI12" rev="18">
<attrib name="value" value="2"/></item>
<item name="DIADI13" rev="18">
<attrib name="value" value="2"/></item>
<item name="DIADI14" rev="18">
<attrib name="value" value="2"/></item>
<item name="DIADI15" rev="18">
<attrib name="value" value="2"/></item>
<item name="DIADI2" rev="18">
<attrib name="value" value="2"/></item>
<item name="DIADI3" rev="18">
<attrib name="value" value="2"/></item>
<item name="DIADI4" rev="18">
<attrib name="value" value="2"/></item>
<item name="DIADI5" rev="18">
<attrib name="value" value="2"/></item>
<item name="DIADI6" rev="18">
<attrib name="value" value="2"/></item>
<item name="DIADI7" rev="18">
<attrib name="value" value="2"/></item>
<item name="DIADI8" rev="18">
<attrib name="value" value="2"/></item>
<item name="DIADI9" rev="18">
<attrib name="value" value="2"/></item>
<item name="DIBDI0" rev="18">
<attrib name="value" value="2"/></item>
<item name="DIBDI1" rev="18">
<attrib name="value" value="2"/></item>
<item name="DIBDI10" rev="18">
<attrib name="value" value="2"/></item>
<item name="DIBDI11" rev="18">
<attrib name="value" value="2"/></item>
<item name="DIBDI12" rev="18">
<attrib name="value" value="2"/></item>
<item name="DIBDI13" rev="18">
<attrib name="value" value="2"/></item>
<item name="DIBDI14" rev="18">
<attrib name="value" value="2"/></item>
<item name="DIBDI15" rev="18">
<attrib name="value" value="2"/></item>
<item name="DIBDI2" rev="18">
<attrib name="value" value="2"/></item>
<item name="DIBDI3" rev="18">
<attrib name="value" value="2"/></item>
<item name="DIBDI4" rev="18">
<attrib name="value" value="2"/></item>
<item name="DIBDI5" rev="18">
<attrib name="value" value="2"/></item>
<item name="DIBDI6" rev="18">
<attrib name="value" value="2"/></item>
<item name="DIBDI7" rev="18">
<attrib name="value" value="2"/></item>
<item name="DIBDI8" rev="18">
<attrib name="value" value="2"/></item>
<item name="DIBDI9" rev="18">
<attrib name="value" value="2"/></item>
<item name="DIPADIP0" rev="18">
<attrib name="value" value="2"/></item>
<item name="DIPADIP1" rev="18">
<attrib name="value" value="2"/></item>
<item name="DIPBDIP0" rev="18">
<attrib name="value" value="2"/></item>
<item name="DIPBDIP1" rev="18">
<attrib name="value" value="2"/></item>
<item name="DOADO0" rev="18">
<attrib name="value" value="2"/></item>
<item name="DOADO1" rev="18">
<attrib name="value" value="2"/></item>
<item name="DOADO10" rev="18">
<attrib name="value" value="2"/></item>
<item name="DOADO11" rev="18">
<attrib name="value" value="2"/></item>
<item name="DOADO2" rev="18">
<attrib name="value" value="2"/></item>
<item name="DOADO3" rev="18">
<attrib name="value" value="2"/></item>
<item name="DOADO8" rev="18">
<attrib name="value" value="2"/></item>
<item name="DOADO9" rev="18">
<attrib name="value" value="2"/></item>
<item name="DOBDO0" rev="18">
<attrib name="value" value="2"/></item>
<item name="DOBDO1" rev="18">
<attrib name="value" value="2"/></item>
<item name="DOBDO10" rev="18">
<attrib name="value" value="2"/></item>
<item name="DOBDO11" rev="18">
<attrib name="value" value="2"/></item>
<item name="DOBDO2" rev="18">
<attrib name="value" value="2"/></item>
<item name="DOBDO3" rev="18">
<attrib name="value" value="2"/></item>
<item name="DOBDO8" rev="18">
<attrib name="value" value="2"/></item>
<item name="DOBDO9" rev="18">
<attrib name="value" value="2"/></item>
<item name="ENARDEN" rev="18">
<attrib name="value" value="2"/></item>
<item name="ENBWREN" rev="18">
<attrib name="value" value="2"/></item>
<item name="REGCEAREGCE" rev="18">
<attrib name="value" value="2"/></item>
<item name="REGCEB" rev="18">
<attrib name="value" value="2"/></item>
<item name="REGCLKARDRCLK" rev="18">
<attrib name="value" value="2"/></item>
<item name="REGCLKB" rev="18">
<attrib name="value" value="2"/></item>
<item name="RSTRAMARSTRAM" rev="18">
<attrib name="value" value="2"/></item>
<item name="RSTRAMB" rev="18">
<attrib name="value" value="2"/></item>
<item name="RSTREGARSTREG" rev="18">
<attrib name="value" value="2"/></item>
<item name="RSTREGB" rev="18">
<attrib name="value" value="2"/></item>
<item name="WEA0" rev="18">
<attrib name="value" value="2"/></item>
<item name="WEA1" rev="18">
<attrib name="value" value="2"/></item>
<item name="WEA2" rev="18">
<attrib name="value" value="2"/></item>
<item name="WEA3" rev="18">
<attrib name="value" value="2"/></item>
<item name="WEBWE0" rev="18">
<attrib name="value" value="2"/></item>
<item name="WEBWE1" rev="18">
<attrib name="value" value="2"/></item>
<item name="WEBWE2" rev="18">
<attrib name="value" value="2"/></item>
<item name="WEBWE3" rev="18">
<attrib name="value" value="2"/></item>
<item name="WEBWE4" rev="18">
<attrib name="value" value="2"/></item>
<item name="WEBWE5" rev="18">
<attrib name="value" value="2"/></item>
<item name="WEBWE6" rev="18">
<attrib name="value" value="2"/></item>
<item name="WEBWE7" rev="18">
<attrib name="value" value="2"/></item>
</group>
<group name="IOB">
<item name="I" rev="14">
<attrib name="value" value="11"/></item>
<item name="O" rev="14">
<attrib name="value" value="17"/></item>
<item name="PAD" rev="14">
<attrib name="value" value="28"/></item>
</group>
<group name="FF_INIT">
<item name="CE" rev="18">
<attrib name="value" value="12"/></item>
<item name="CK" rev="18">
<attrib name="value" value="36"/></item>
<item name="D" rev="18">
<attrib name="value" value="36"/></item>
<item name="Q" rev="18">
<attrib name="value" value="36"/></item>
<item name="SR" rev="18">
<attrib name="value" value="36"/></item>
</group>
<group name="RAMB36E1">
<item name="ADDRARDADDRL0" rev="18">
<attrib name="value" value="17"/></item>
<item name="ADDRARDADDRL1" rev="18">
<attrib name="value" value="17"/></item>
<item name="ADDRARDADDRL10" rev="18">
<attrib name="value" value="17"/></item>
<item name="ADDRARDADDRL11" rev="18">
<attrib name="value" value="17"/></item>
<item name="ADDRARDADDRL12" rev="18">
<attrib name="value" value="17"/></item>
<item name="ADDRARDADDRL13" rev="18">
<attrib name="value" value="17"/></item>
<item name="ADDRARDADDRL14" rev="18">
<attrib name="value" value="17"/></item>
<item name="ADDRARDADDRL15" rev="18">
<attrib name="value" value="17"/></item>
<item name="ADDRARDADDRL2" rev="18">
<attrib name="value" value="17"/></item>
<item name="ADDRARDADDRL3" rev="18">
<attrib name="value" value="17"/></item>
<item name="ADDRARDADDRL4" rev="18">
<attrib name="value" value="17"/></item>
<item name="ADDRARDADDRL5" rev="18">
<attrib name="value" value="17"/></item>
<item name="ADDRARDADDRL6" rev="18">
<attrib name="value" value="17"/></item>
<item name="ADDRARDADDRL7" rev="18">
<attrib name="value" value="17"/></item>
<item name="ADDRARDADDRL8" rev="18">
<attrib name="value" value="17"/></item>
<item name="ADDRARDADDRL9" rev="18">
<attrib name="value" value="17"/></item>
<item name="ADDRARDADDRU0" rev="18">
<attrib name="value" value="17"/></item>
<item name="ADDRARDADDRU1" rev="18">
<attrib name="value" value="17"/></item>
<item name="ADDRARDADDRU10" rev="18">
<attrib name="value" value="17"/></item>
<item name="ADDRARDADDRU11" rev="18">
<attrib name="value" value="17"/></item>
<item name="ADDRARDADDRU12" rev="18">
<attrib name="value" value="17"/></item>
<item name="ADDRARDADDRU13" rev="18">
<attrib name="value" value="17"/></item>
<item name="ADDRARDADDRU14" rev="18">
<attrib name="value" value="17"/></item>
<item name="ADDRARDADDRU2" rev="18">
<attrib name="value" value="17"/></item>
<item name="ADDRARDADDRU3" rev="18">
<attrib name="value" value="17"/></item>
<item name="ADDRARDADDRU4" rev="18">
<attrib name="value" value="17"/></item>
<item name="ADDRARDADDRU5" rev="18">
<attrib name="value" value="17"/></item>
<item name="ADDRARDADDRU6" rev="18">
<attrib name="value" value="17"/></item>
<item name="ADDRARDADDRU7" rev="18">
<attrib name="value" value="17"/></item>
<item name="ADDRARDADDRU8" rev="18">
<attrib name="value" value="17"/></item>
<item name="ADDRARDADDRU9" rev="18">
<attrib name="value" value="17"/></item>
<item name="ADDRBWRADDRL0" rev="18">
<attrib name="value" value="17"/></item>
<item name="ADDRBWRADDRL1" rev="18">
<attrib name="value" value="17"/></item>
<item name="ADDRBWRADDRL10" rev="18">
<attrib name="value" value="17"/></item>
<item name="ADDRBWRADDRL11" rev="18">
<attrib name="value" value="17"/></item>
<item name="ADDRBWRADDRL12" rev="18">
<attrib name="value" value="17"/></item>
<item name="ADDRBWRADDRL13" rev="18">
<attrib name="value" value="17"/></item>
<item name="ADDRBWRADDRL14" rev="18">
<attrib name="value" value="17"/></item>
<item name="ADDRBWRADDRL15" rev="18">
<attrib name="value" value="17"/></item>
<item name="ADDRBWRADDRL2" rev="18">
<attrib name="value" value="17"/></item>
<item name="ADDRBWRADDRL3" rev="18">
<attrib name="value" value="17"/></item>
<item name="ADDRBWRADDRL4" rev="18">
<attrib name="value" value="17"/></item>
<item name="ADDRBWRADDRL5" rev="18">
<attrib name="value" value="17"/></item>
<item name="ADDRBWRADDRL6" rev="18">
<attrib name="value" value="17"/></item>
<item name="ADDRBWRADDRL7" rev="18">
<attrib name="value" value="17"/></item>
<item name="ADDRBWRADDRL8" rev="18">
<attrib name="value" value="17"/></item>
<item name="ADDRBWRADDRL9" rev="18">
<attrib name="value" value="17"/></item>
<item name="ADDRBWRADDRU0" rev="18">
<attrib name="value" value="17"/></item>
<item name="ADDRBWRADDRU1" rev="18">
<attrib name="value" value="17"/></item>
<item name="ADDRBWRADDRU10" rev="18">
<attrib name="value" value="17"/></item>
<item name="ADDRBWRADDRU11" rev="18">
<attrib name="value" value="17"/></item>
<item name="ADDRBWRADDRU12" rev="18">
<attrib name="value" value="17"/></item>
<item name="ADDRBWRADDRU13" rev="18">
<attrib name="value" value="17"/></item>
<item name="ADDRBWRADDRU14" rev="18">
<attrib name="value" value="17"/></item>
<item name="ADDRBWRADDRU2" rev="18">
<attrib name="value" value="17"/></item>
<item name="ADDRBWRADDRU3" rev="18">
<attrib name="value" value="17"/></item>
<item name="ADDRBWRADDRU4" rev="18">
<attrib name="value" value="17"/></item>
<item name="ADDRBWRADDRU5" rev="18">
<attrib name="value" value="17"/></item>
<item name="ADDRBWRADDRU6" rev="18">
<attrib name="value" value="17"/></item>
<item name="ADDRBWRADDRU7" rev="18">
<attrib name="value" value="17"/></item>
<item name="ADDRBWRADDRU8" rev="18">
<attrib name="value" value="17"/></item>
<item name="ADDRBWRADDRU9" rev="18">
<attrib name="value" value="17"/></item>
<item name="CLKARDCLKL" rev="18">
<attrib name="value" value="17"/></item>
<item name="CLKARDCLKU" rev="18">
<attrib name="value" value="17"/></item>
<item name="CLKBWRCLKL" rev="18">
<attrib name="value" value="17"/></item>
<item name="CLKBWRCLKU" rev="18">
<attrib name="value" value="17"/></item>
<item name="DIADI0" rev="18">
<attrib name="value" value="17"/></item>
<item name="DIADI1" rev="18">
<attrib name="value" value="17"/></item>
<item name="DIADI10" rev="18">
<attrib name="value" value="17"/></item>
<item name="DIADI11" rev="18">
<attrib name="value" value="17"/></item>
<item name="DIADI12" rev="18">
<attrib name="value" value="17"/></item>
<item name="DIADI13" rev="18">
<attrib name="value" value="17"/></item>
<item name="DIADI14" rev="18">
<attrib name="value" value="17"/></item>
<item name="DIADI15" rev="18">
<attrib name="value" value="17"/></item>
<item name="DIADI16" rev="18">
<attrib name="value" value="17"/></item>
<item name="DIADI17" rev="18">
<attrib name="value" value="17"/></item>
<item name="DIADI18" rev="18">
<attrib name="value" value="17"/></item>
<item name="DIADI19" rev="18">
<attrib name="value" value="17"/></item>
<item name="DIADI2" rev="18">
<attrib name="value" value="17"/></item>
<item name="DIADI20" rev="18">
<attrib name="value" value="17"/></item>
<item name="DIADI21" rev="18">
<attrib name="value" value="17"/></item>
<item name="DIADI22" rev="18">
<attrib name="value" value="17"/></item>
<item name="DIADI23" rev="18">
<attrib name="value" value="17"/></item>
<item name="DIADI24" rev="18">
<attrib name="value" value="17"/></item>
<item name="DIADI25" rev="18">
<attrib name="value" value="17"/></item>
<item name="DIADI26" rev="18">
<attrib name="value" value="17"/></item>
<item name="DIADI27" rev="18">
<attrib name="value" value="17"/></item>
<item name="DIADI28" rev="18">
<attrib name="value" value="17"/></item>
<item name="DIADI29" rev="18">
<attrib name="value" value="17"/></item>
<item name="DIADI3" rev="18">
<attrib name="value" value="17"/></item>
<item name="DIADI30" rev="18">
<attrib name="value" value="17"/></item>
<item name="DIADI31" rev="18">
<attrib name="value" value="17"/></item>
<item name="DIADI4" rev="18">
<attrib name="value" value="17"/></item>
<item name="DIADI5" rev="18">
<attrib name="value" value="17"/></item>
<item name="DIADI6" rev="18">
<attrib name="value" value="17"/></item>
<item name="DIADI7" rev="18">
<attrib name="value" value="17"/></item>
<item name="DIADI8" rev="18">
<attrib name="value" value="17"/></item>
<item name="DIADI9" rev="18">
<attrib name="value" value="17"/></item>
<item name="DIBDI0" rev="18">
<attrib name="value" value="17"/></item>
<item name="DIBDI1" rev="18">
<attrib name="value" value="17"/></item>
<item name="DIBDI10" rev="18">
<attrib name="value" value="17"/></item>
<item name="DIBDI11" rev="18">
<attrib name="value" value="17"/></item>
<item name="DIBDI12" rev="18">
<attrib name="value" value="17"/></item>
<item name="DIBDI13" rev="18">
<attrib name="value" value="17"/></item>
<item name="DIBDI14" rev="18">
<attrib name="value" value="17"/></item>
<item name="DIBDI15" rev="18">
<attrib name="value" value="17"/></item>
<item name="DIBDI16" rev="18">
<attrib name="value" value="17"/></item>
<item name="DIBDI17" rev="18">
<attrib name="value" value="17"/></item>
<item name="DIBDI18" rev="18">
<attrib name="value" value="17"/></item>
<item name="DIBDI19" rev="18">
<attrib name="value" value="17"/></item>
<item name="DIBDI2" rev="18">
<attrib name="value" value="17"/></item>
<item name="DIBDI20" rev="18">
<attrib name="value" value="17"/></item>
<item name="DIBDI21" rev="18">
<attrib name="value" value="17"/></item>
<item name="DIBDI22" rev="18">
<attrib name="value" value="17"/></item>
<item name="DIBDI23" rev="18">
<attrib name="value" value="17"/></item>
<item name="DIBDI24" rev="18">
<attrib name="value" value="17"/></item>
<item name="DIBDI25" rev="18">
<attrib name="value" value="17"/></item>
<item name="DIBDI26" rev="18">
<attrib name="value" value="17"/></item>
<item name="DIBDI27" rev="18">
<attrib name="value" value="17"/></item>
<item name="DIBDI28" rev="18">
<attrib name="value" value="17"/></item>
<item name="DIBDI29" rev="18">
<attrib name="value" value="17"/></item>
<item name="DIBDI3" rev="18">
<attrib name="value" value="17"/></item>
<item name="DIBDI30" rev="18">
<attrib name="value" value="17"/></item>
<item name="DIBDI31" rev="18">
<attrib name="value" value="17"/></item>
<item name="DIBDI4" rev="18">
<attrib name="value" value="17"/></item>
<item name="DIBDI5" rev="18">
<attrib name="value" value="17"/></item>
<item name="DIBDI6" rev="18">
<attrib name="value" value="17"/></item>
<item name="DIBDI7" rev="18">
<attrib name="value" value="17"/></item>
<item name="DIBDI8" rev="18">
<attrib name="value" value="17"/></item>
<item name="DIBDI9" rev="18">
<attrib name="value" value="17"/></item>
<item name="DIPADIP0" rev="18">
<attrib name="value" value="17"/></item>
<item name="DIPADIP1" rev="18">
<attrib name="value" value="17"/></item>
<item name="DIPADIP2" rev="18">
<attrib name="value" value="17"/></item>
<item name="DIPADIP3" rev="18">
<attrib name="value" value="17"/></item>
<item name="DIPBDIP0" rev="18">
<attrib name="value" value="17"/></item>
<item name="DIPBDIP1" rev="18">
<attrib name="value" value="17"/></item>
<item name="DIPBDIP2" rev="18">
<attrib name="value" value="17"/></item>
<item name="DIPBDIP3" rev="18">
<attrib name="value" value="17"/></item>
<item name="DOADO0" rev="18">
<attrib name="value" value="17"/></item>
<item name="DOADO1" rev="18">
<attrib name="value" value="10"/></item>
<item name="DOADO2" rev="18">
<attrib name="value" value="10"/></item>
<item name="DOADO3" rev="18">
<attrib name="value" value="10"/></item>
<item name="DOADO4" rev="18">
<attrib name="value" value="10"/></item>
<item name="DOADO5" rev="18">
<attrib name="value" value="10"/></item>
<item name="DOADO6" rev="18">
<attrib name="value" value="10"/></item>
<item name="DOADO7" rev="18">
<attrib name="value" value="9"/></item>
<item name="DOPADOP0" rev="18">
<attrib name="value" value="9"/></item>
<item name="ENARDENL" rev="18">
<attrib name="value" value="17"/></item>
<item name="ENARDENU" rev="18">
<attrib name="value" value="17"/></item>
<item name="ENBWRENL" rev="18">
<attrib name="value" value="17"/></item>
<item name="ENBWRENU" rev="18">
<attrib name="value" value="17"/></item>
<item name="INJECTDBITERR" rev="18">
<attrib name="value" value="17"/></item>
<item name="INJECTSBITERR" rev="18">
<attrib name="value" value="17"/></item>
<item name="REGCEAREGCEL" rev="18">
<attrib name="value" value="17"/></item>
<item name="REGCEAREGCEU" rev="18">
<attrib name="value" value="17"/></item>
<item name="REGCEBL" rev="18">
<attrib name="value" value="17"/></item>
<item name="REGCEBU" rev="18">
<attrib name="value" value="17"/></item>
<item name="REGCLKARDRCLKL" rev="18">
<attrib name="value" value="17"/></item>
<item name="REGCLKARDRCLKU" rev="18">
<attrib name="value" value="17"/></item>
<item name="REGCLKBL" rev="18">
<attrib name="value" value="17"/></item>
<item name="REGCLKBU" rev="18">
<attrib name="value" value="17"/></item>
<item name="RSTRAMARSTRAML" rev="18">
<attrib name="value" value="17"/></item>
<item name="RSTRAMARSTRAMU" rev="18">
<attrib name="value" value="17"/></item>
<item name="RSTRAMBL" rev="18">
<attrib name="value" value="17"/></item>
<item name="RSTRAMBU" rev="18">
<attrib name="value" value="17"/></item>
<item name="RSTREGARSTREGL" rev="18">
<attrib name="value" value="17"/></item>
<item name="RSTREGARSTREGU" rev="18">
<attrib name="value" value="17"/></item>
<item name="RSTREGBL" rev="18">
<attrib name="value" value="17"/></item>
<item name="RSTREGBU" rev="18">
<attrib name="value" value="17"/></item>
<item name="WEAL0" rev="18">
<attrib name="value" value="17"/></item>
<item name="WEAL1" rev="18">
<attrib name="value" value="17"/></item>
<item name="WEAL2" rev="18">
<attrib name="value" value="17"/></item>
<item name="WEAL3" rev="18">
<attrib name="value" value="17"/></item>
<item name="WEAU0" rev="18">
<attrib name="value" value="17"/></item>
<item name="WEAU1" rev="18">
<attrib name="value" value="17"/></item>
<item name="WEAU2" rev="18">
<attrib name="value" value="17"/></item>
<item name="WEAU3" rev="18">
<attrib name="value" value="17"/></item>
<item name="WEBWEL0" rev="18">
<attrib name="value" value="17"/></item>
<item name="WEBWEL1" rev="18">
<attrib name="value" value="17"/></item>
<item name="WEBWEL2" rev="18">
<attrib name="value" value="17"/></item>
<item name="WEBWEL3" rev="18">
<attrib name="value" value="17"/></item>
<item name="WEBWEL4" rev="18">
<attrib name="value" value="17"/></item>
<item name="WEBWEL5" rev="18">
<attrib name="value" value="17"/></item>
<item name="WEBWEL6" rev="18">
<attrib name="value" value="17"/></item>
<item name="WEBWEL7" rev="18">
<attrib name="value" value="17"/></item>
<item name="WEBWEU0" rev="18">
<attrib name="value" value="17"/></item>
<item name="WEBWEU1" rev="18">
<attrib name="value" value="17"/></item>
<item name="WEBWEU2" rev="18">
<attrib name="value" value="17"/></item>
<item name="WEBWEU3" rev="18">
<attrib name="value" value="17"/></item>
<item name="WEBWEU4" rev="18">
<attrib name="value" value="17"/></item>
<item name="WEBWEU5" rev="18">
<attrib name="value" value="17"/></item>
<item name="WEBWEU6" rev="18">
<attrib name="value" value="17"/></item>
<item name="WEBWEU7" rev="18">
<attrib name="value" value="17"/></item>
</group>
<group name="HARD0">
<item name="0" rev="18">
<attrib name="value" value="6"/></item>
</group>
<group name="HARD1">
<item name="1" rev="18">
<attrib name="value" value="6"/></item>
</group>
<group name="BUFG">
<item name="I0" rev="18">
<attrib name="value" value="1"/></item>
<item name="O" rev="18">
<attrib name="value" value="1"/></item>
</group>
<group name="RAMB36E1_RAMB36E1">
<item name="ADDRARDADDRL0" rev="18">
<attrib name="value" value="17"/></item>
<item name="ADDRARDADDRL1" rev="18">
<attrib name="value" value="17"/></item>
<item name="ADDRARDADDRL10" rev="18">
<attrib name="value" value="17"/></item>
<item name="ADDRARDADDRL11" rev="18">
<attrib name="value" value="17"/></item>
<item name="ADDRARDADDRL12" rev="18">
<attrib name="value" value="17"/></item>
<item name="ADDRARDADDRL13" rev="18">
<attrib name="value" value="17"/></item>
<item name="ADDRARDADDRL14" rev="18">
<attrib name="value" value="17"/></item>
<item name="ADDRARDADDRL15" rev="18">
<attrib name="value" value="17"/></item>
<item name="ADDRARDADDRL2" rev="18">
<attrib name="value" value="17"/></item>
<item name="ADDRARDADDRL3" rev="18">
<attrib name="value" value="17"/></item>
<item name="ADDRARDADDRL4" rev="18">
<attrib name="value" value="17"/></item>
<item name="ADDRARDADDRL5" rev="18">
<attrib name="value" value="17"/></item>
<item name="ADDRARDADDRL6" rev="18">
<attrib name="value" value="17"/></item>
<item name="ADDRARDADDRL7" rev="18">
<attrib name="value" value="17"/></item>
<item name="ADDRARDADDRL8" rev="18">
<attrib name="value" value="17"/></item>
<item name="ADDRARDADDRL9" rev="18">
<attrib name="value" value="17"/></item>
<item name="ADDRARDADDRU0" rev="18">
<attrib name="value" value="17"/></item>
<item name="ADDRARDADDRU1" rev="18">
<attrib name="value" value="17"/></item>
<item name="ADDRARDADDRU10" rev="18">
<attrib name="value" value="17"/></item>
<item name="ADDRARDADDRU11" rev="18">
<attrib name="value" value="17"/></item>
<item name="ADDRARDADDRU12" rev="18">
<attrib name="value" value="17"/></item>
<item name="ADDRARDADDRU13" rev="18">
<attrib name="value" value="17"/></item>
<item name="ADDRARDADDRU14" rev="18">
<attrib name="value" value="17"/></item>
<item name="ADDRARDADDRU2" rev="18">
<attrib name="value" value="17"/></item>
<item name="ADDRARDADDRU3" rev="18">
<attrib name="value" value="17"/></item>
<item name="ADDRARDADDRU4" rev="18">
<attrib name="value" value="17"/></item>
<item name="ADDRARDADDRU5" rev="18">
<attrib name="value" value="17"/></item>
<item name="ADDRARDADDRU6" rev="18">
<attrib name="value" value="17"/></item>
<item name="ADDRARDADDRU7" rev="18">
<attrib name="value" value="17"/></item>
<item name="ADDRARDADDRU8" rev="18">
<attrib name="value" value="17"/></item>
<item name="ADDRARDADDRU9" rev="18">
<attrib name="value" value="17"/></item>
<item name="ADDRBWRADDRL0" rev="18">
<attrib name="value" value="17"/></item>
<item name="ADDRBWRADDRL1" rev="18">
<attrib name="value" value="17"/></item>
<item name="ADDRBWRADDRL10" rev="18">
<attrib name="value" value="17"/></item>
<item name="ADDRBWRADDRL11" rev="18">
<attrib name="value" value="17"/></item>
<item name="ADDRBWRADDRL12" rev="18">
<attrib name="value" value="17"/></item>
<item name="ADDRBWRADDRL13" rev="18">
<attrib name="value" value="17"/></item>
<item name="ADDRBWRADDRL14" rev="18">
<attrib name="value" value="17"/></item>
<item name="ADDRBWRADDRL15" rev="18">
<attrib name="value" value="17"/></item>
<item name="ADDRBWRADDRL2" rev="18">
<attrib name="value" value="17"/></item>
<item name="ADDRBWRADDRL3" rev="18">
<attrib name="value" value="17"/></item>
<item name="ADDRBWRADDRL4" rev="18">
<attrib name="value" value="17"/></item>
<item name="ADDRBWRADDRL5" rev="18">
<attrib name="value" value="17"/></item>
<item name="ADDRBWRADDRL6" rev="18">
<attrib name="value" value="17"/></item>
<item name="ADDRBWRADDRL7" rev="18">
<attrib name="value" value="17"/></item>
<item name="ADDRBWRADDRL8" rev="18">
<attrib name="value" value="17"/></item>
<item name="ADDRBWRADDRL9" rev="18">
<attrib name="value" value="17"/></item>
<item name="ADDRBWRADDRU0" rev="18">
<attrib name="value" value="17"/></item>
<item name="ADDRBWRADDRU1" rev="18">
<attrib name="value" value="17"/></item>
<item name="ADDRBWRADDRU10" rev="18">
<attrib name="value" value="17"/></item>
<item name="ADDRBWRADDRU11" rev="18">
<attrib name="value" value="17"/></item>
<item name="ADDRBWRADDRU12" rev="18">
<attrib name="value" value="17"/></item>
<item name="ADDRBWRADDRU13" rev="18">
<attrib name="value" value="17"/></item>
<item name="ADDRBWRADDRU14" rev="18">
<attrib name="value" value="17"/></item>
<item name="ADDRBWRADDRU2" rev="18">
<attrib name="value" value="17"/></item>
<item name="ADDRBWRADDRU3" rev="18">
<attrib name="value" value="17"/></item>
<item name="ADDRBWRADDRU4" rev="18">
<attrib name="value" value="17"/></item>
<item name="ADDRBWRADDRU5" rev="18">
<attrib name="value" value="17"/></item>
<item name="ADDRBWRADDRU6" rev="18">
<attrib name="value" value="17"/></item>
<item name="ADDRBWRADDRU7" rev="18">
<attrib name="value" value="17"/></item>
<item name="ADDRBWRADDRU8" rev="18">
<attrib name="value" value="17"/></item>
<item name="ADDRBWRADDRU9" rev="18">
<attrib name="value" value="17"/></item>
<item name="CLKARDCLKL" rev="18">
<attrib name="value" value="17"/></item>
<item name="CLKARDCLKU" rev="18">
<attrib name="value" value="17"/></item>
<item name="CLKBWRCLKL" rev="18">
<attrib name="value" value="17"/></item>
<item name="CLKBWRCLKU" rev="18">
<attrib name="value" value="17"/></item>
<item name="DIADI0" rev="18">
<attrib name="value" value="17"/></item>
<item name="DIADI1" rev="18">
<attrib name="value" value="17"/></item>
<item name="DIADI10" rev="18">
<attrib name="value" value="17"/></item>
<item name="DIADI11" rev="18">
<attrib name="value" value="17"/></item>
<item name="DIADI12" rev="18">
<attrib name="value" value="17"/></item>
<item name="DIADI13" rev="18">
<attrib name="value" value="17"/></item>
<item name="DIADI14" rev="18">
<attrib name="value" value="17"/></item>
<item name="DIADI15" rev="18">
<attrib name="value" value="17"/></item>
<item name="DIADI16" rev="18">
<attrib name="value" value="17"/></item>
<item name="DIADI17" rev="18">
<attrib name="value" value="17"/></item>
<item name="DIADI18" rev="18">
<attrib name="value" value="17"/></item>
<item name="DIADI19" rev="18">
<attrib name="value" value="17"/></item>
<item name="DIADI2" rev="18">
<attrib name="value" value="17"/></item>
<item name="DIADI20" rev="18">
<attrib name="value" value="17"/></item>
<item name="DIADI21" rev="18">
<attrib name="value" value="17"/></item>
<item name="DIADI22" rev="18">
<attrib name="value" value="17"/></item>
<item name="DIADI23" rev="18">
<attrib name="value" value="17"/></item>
<item name="DIADI24" rev="18">
<attrib name="value" value="17"/></item>
<item name="DIADI25" rev="18">
<attrib name="value" value="17"/></item>
<item name="DIADI26" rev="18">
<attrib name="value" value="17"/></item>
<item name="DIADI27" rev="18">
<attrib name="value" value="17"/></item>
<item name="DIADI28" rev="18">
<attrib name="value" value="17"/></item>
<item name="DIADI29" rev="18">
<attrib name="value" value="17"/></item>
<item name="DIADI3" rev="18">
<attrib name="value" value="17"/></item>
<item name="DIADI30" rev="18">
<attrib name="value" value="17"/></item>
<item name="DIADI31" rev="18">
<attrib name="value" value="17"/></item>
<item name="DIADI4" rev="18">
<attrib name="value" value="17"/></item>
<item name="DIADI5" rev="18">
<attrib name="value" value="17"/></item>
<item name="DIADI6" rev="18">
<attrib name="value" value="17"/></item>
<item name="DIADI7" rev="18">
<attrib name="value" value="17"/></item>
<item name="DIADI8" rev="18">
<attrib name="value" value="17"/></item>
<item name="DIADI9" rev="18">
<attrib name="value" value="17"/></item>
<item name="DIBDI0" rev="18">
<attrib name="value" value="17"/></item>
<item name="DIBDI1" rev="18">
<attrib name="value" value="17"/></item>
<item name="DIBDI10" rev="18">
<attrib name="value" value="17"/></item>
<item name="DIBDI11" rev="18">
<attrib name="value" value="17"/></item>
<item name="DIBDI12" rev="18">
<attrib name="value" value="17"/></item>
<item name="DIBDI13" rev="18">
<attrib name="value" value="17"/></item>
<item name="DIBDI14" rev="18">
<attrib name="value" value="17"/></item>
<item name="DIBDI15" rev="18">
<attrib name="value" value="17"/></item>
<item name="DIBDI16" rev="18">
<attrib name="value" value="17"/></item>
<item name="DIBDI17" rev="18">
<attrib name="value" value="17"/></item>
<item name="DIBDI18" rev="18">
<attrib name="value" value="17"/></item>
<item name="DIBDI19" rev="18">
<attrib name="value" value="17"/></item>
<item name="DIBDI2" rev="18">
<attrib name="value" value="17"/></item>
<item name="DIBDI20" rev="18">
<attrib name="value" value="17"/></item>
<item name="DIBDI21" rev="18">
<attrib name="value" value="17"/></item>
<item name="DIBDI22" rev="18">
<attrib name="value" value="17"/></item>
<item name="DIBDI23" rev="18">
<attrib name="value" value="17"/></item>
<item name="DIBDI24" rev="18">
<attrib name="value" value="17"/></item>
<item name="DIBDI25" rev="18">
<attrib name="value" value="17"/></item>
<item name="DIBDI26" rev="18">
<attrib name="value" value="17"/></item>
<item name="DIBDI27" rev="18">
<attrib name="value" value="17"/></item>
<item name="DIBDI28" rev="18">
<attrib name="value" value="17"/></item>
<item name="DIBDI29" rev="18">
<attrib name="value" value="17"/></item>
<item name="DIBDI3" rev="18">
<attrib name="value" value="17"/></item>
<item name="DIBDI30" rev="18">
<attrib name="value" value="17"/></item>
<item name="DIBDI31" rev="18">
<attrib name="value" value="17"/></item>
<item name="DIBDI4" rev="18">
<attrib name="value" value="17"/></item>
<item name="DIBDI5" rev="18">
<attrib name="value" value="17"/></item>
<item name="DIBDI6" rev="18">
<attrib name="value" value="17"/></item>
<item name="DIBDI7" rev="18">
<attrib name="value" value="17"/></item>
<item name="DIBDI8" rev="18">
<attrib name="value" value="17"/></item>
<item name="DIBDI9" rev="18">
<attrib name="value" value="17"/></item>
<item name="DIPADIP0" rev="18">
<attrib name="value" value="17"/></item>
<item name="DIPADIP1" rev="18">
<attrib name="value" value="17"/></item>
<item name="DIPADIP2" rev="18">
<attrib name="value" value="17"/></item>
<item name="DIPADIP3" rev="18">
<attrib name="value" value="17"/></item>
<item name="DIPBDIP0" rev="18">
<attrib name="value" value="17"/></item>
<item name="DIPBDIP1" rev="18">
<attrib name="value" value="17"/></item>
<item name="DIPBDIP2" rev="18">
<attrib name="value" value="17"/></item>
<item name="DIPBDIP3" rev="18">
<attrib name="value" value="17"/></item>
<item name="DOADO0" rev="18">
<attrib name="value" value="17"/></item>
<item name="DOADO1" rev="18">
<attrib name="value" value="10"/></item>
<item name="DOADO2" rev="18">
<attrib name="value" value="10"/></item>
<item name="DOADO3" rev="18">
<attrib name="value" value="10"/></item>
<item name="DOADO4" rev="18">
<attrib name="value" value="10"/></item>
<item name="DOADO5" rev="18">
<attrib name="value" value="10"/></item>
<item name="DOADO6" rev="18">
<attrib name="value" value="10"/></item>
<item name="DOADO7" rev="18">
<attrib name="value" value="9"/></item>
<item name="DOPADOP0" rev="18">
<attrib name="value" value="9"/></item>
<item name="ENARDENL" rev="18">
<attrib name="value" value="17"/></item>
<item name="ENARDENU" rev="18">
<attrib name="value" value="17"/></item>
<item name="ENBWRENL" rev="18">
<attrib name="value" value="17"/></item>
<item name="ENBWRENU" rev="18">
<attrib name="value" value="17"/></item>
<item name="INJECTDBITERR" rev="18">
<attrib name="value" value="17"/></item>
<item name="INJECTSBITERR" rev="18">
<attrib name="value" value="17"/></item>
<item name="REGCEAREGCEL" rev="18">
<attrib name="value" value="17"/></item>
<item name="REGCEAREGCEU" rev="18">
<attrib name="value" value="17"/></item>
<item name="REGCEBL" rev="18">
<attrib name="value" value="17"/></item>
<item name="REGCEBU" rev="18">
<attrib name="value" value="17"/></item>
<item name="REGCLKARDRCLKL" rev="18">
<attrib name="value" value="17"/></item>
<item name="REGCLKARDRCLKU" rev="18">
<attrib name="value" value="17"/></item>
<item name="REGCLKBL" rev="18">
<attrib name="value" value="17"/></item>
<item name="REGCLKBU" rev="18">
<attrib name="value" value="17"/></item>
<item name="RSTRAMARSTRAML" rev="18">
<attrib name="value" value="17"/></item>
<item name="RSTRAMARSTRAMU" rev="18">
<attrib name="value" value="17"/></item>
<item name="RSTRAMBL" rev="18">
<attrib name="value" value="17"/></item>
<item name="RSTRAMBU" rev="18">
<attrib name="value" value="17"/></item>
<item name="RSTREGARSTREGL" rev="18">
<attrib name="value" value="17"/></item>
<item name="RSTREGARSTREGU" rev="18">
<attrib name="value" value="17"/></item>
<item name="RSTREGBL" rev="18">
<attrib name="value" value="17"/></item>
<item name="RSTREGBU" rev="18">
<attrib name="value" value="17"/></item>
<item name="WEAL0" rev="18">
<attrib name="value" value="17"/></item>
<item name="WEAL1" rev="18">
<attrib name="value" value="17"/></item>
<item name="WEAL2" rev="18">
<attrib name="value" value="17"/></item>
<item name="WEAL3" rev="18">
<attrib name="value" value="17"/></item>
<item name="WEAU0" rev="18">
<attrib name="value" value="17"/></item>
<item name="WEAU1" rev="18">
<attrib name="value" value="17"/></item>
<item name="WEAU2" rev="18">
<attrib name="value" value="17"/></item>
<item name="WEAU3" rev="18">
<attrib name="value" value="17"/></item>
<item name="WEBWEL0" rev="18">
<attrib name="value" value="17"/></item>
<item name="WEBWEL1" rev="18">
<attrib name="value" value="17"/></item>
<item name="WEBWEL2" rev="18">
<attrib name="value" value="17"/></item>
<item name="WEBWEL3" rev="18">
<attrib name="value" value="17"/></item>
<item name="WEBWEL4" rev="18">
<attrib name="value" value="17"/></item>
<item name="WEBWEL5" rev="18">
<attrib name="value" value="17"/></item>
<item name="WEBWEL6" rev="18">
<attrib name="value" value="17"/></item>
<item name="WEBWEL7" rev="18">
<attrib name="value" value="17"/></item>
<item name="WEBWEU0" rev="18">
<attrib name="value" value="17"/></item>
<item name="WEBWEU1" rev="18">
<attrib name="value" value="17"/></item>
<item name="WEBWEU2" rev="18">
<attrib name="value" value="17"/></item>
<item name="WEBWEU3" rev="18">
<attrib name="value" value="17"/></item>
<item name="WEBWEU4" rev="18">
<attrib name="value" value="17"/></item>
<item name="WEBWEU5" rev="18">
<attrib name="value" value="17"/></item>
<item name="WEBWEU6" rev="18">
<attrib name="value" value="17"/></item>
<item name="WEBWEU7" rev="18">
<attrib name="value" value="17"/></item>
</group>
</ReportPinData>
<CmdHistory>
</CmdHistory>
</DeviceUsageSummary>
